NumberOfPixels,BoundingBoxTopLeftX,BoundingBoxTopLeftY,BoundingBoxBottomRightX,BoundingBoxBottomRightY,PhysicalSize,NumberOfPixelsOnBorder,FeretDiameter,PrincipalMoments0,PrincipalMoments1,Elongation,Perimeter,Roundness,EquivalentSphericalRadius,EquivalentSphericalPerimeter,EquivalentEllipsoidDiameter0,EquivalentEllipsoidDiameter1,Flatness,MeanR,MeanG,MeanB,StdR,StdG,StdB,Polygon
893,336,87,370,126,893,0,0,55.6954,98.9214,1.33271,115.647,0.916002,16.8597,105.933,29.2088,38.9268,1.33271,163.03,97.3494,159.14,26.4131,21.4203,19.5324,[363:88:357:89:352:96:337:104:338:118:349:126:358:124:370:113:367:94]
1556,52,100,95,158,1556,0,0,69.7055,231.902,1.82397,157.631,0.887091,22.2551,139.833,32.9572,60.1131,1.82397,117.937,53.3503,117.651,34.8066,24.5327,26.4858,[65:101:61:109:55:112:55:126:77:158:87:156:92:152:95:139:88:125:85:110:73:101]
2003,254,121,307,174,2003,0,0,144.89,178.898,1.11118,167.342,0.948072,25.2502,158.652,47.9075,53.2338,1.11118,162.305,107.236,164.383,33.0208,31.6701,24.1046,[276:122:260:127:255:140:259:143:258:152:262:161:273:172:281:174:295:170:306:153:307:140:287:123]
628,284,475,317,500,628,15,0,36.3792,72.1115,1.40791,94.9802,0.935302,14.1386,88.8351,23.8313,33.5523,1.40791,148.484,86.3742,150.564,32.1059,25.3514,22.4519,[285:485:285:493:289:500:303:500:313:493:317:481:293:476]
682,318,0,355,23,682,36,0,38.7201,85.6538,1.48732,102.66,0.901771,14.7339,92.5757,24.1627,35.9377,1.48732,158.254,100.025,159.636,29.651,24.7039,23.6973,[319:1:326:22:347:22:355:8:354:1]
1384,429,462,474,500,1384,28,0,90.3157,137.733,1.23492,136.274,0.967742,20.9891,131.878,37.775,46.6489,1.23492,165.694,107.222,165.364,32.6431,28.452,22.5566,[435:469:430:481:432:494:437:499:469:500:472:497:473:479:468:470:458:468:452:463]
817,146,151,177,188,817,0,0,50.8503,86.547,1.30461,106.722,0.949431,16.1264,101.325,28.2375,36.8388,1.30461,141.638,80.519,145.654,26.1122,19.229,17.1294,[153:152:147:176:156:186:169:187:177:178:176:168:159:152]
623,22,416,49,449,623,0,0,35.1852,72.8336,1.43875,95.1149,0.930251,14.0822,88.4808,23.4804,33.7825,1.43875,146.09,89.4799,150.441,29.5642,24.4581,20.7844,[43:417:24:430:23:444:28:449:37:449:48:439:49:430]
169,80,421,95,438,169,0,0,10.2065,18.4477,1.34441,49.0132,0.940232,7.33446,46.0838,12.6512,17.0084,1.34441,141.42,89.7396,152.899,35.1075,29.6439,25.2719,[87:422:81:429:89:438:95:434:90:422]
497,479,13,500,51,497,36,0,21.1718,91.7358,2.08157,97.987,0.806519,12.5778,79.0284,17.4356,36.2935,2.08157,134.751,68.6881,134.044,36.0155,29.9034,27.7827,[482:14:480:22:500:51:500:16]
145,493,51,500,78,145,26,0,3.44262,43.1113,3.53876,57.8037,0.738471,6.79374,42.6863,7.22293,25.5602,3.53876,132.11,89.8552,150.186,41.0813,36.3696,30.1749,[497:52:494:55:494:66:500:78:500:53]
112,113,492,136,500,112,23,0,3.50308,30.037,2.92822,50.4493,0.743634,5.97082,37.5158,6.9785,20.4346,2.92822,119.473,71.7589,135.929,35.6461,26.2791,24.2188,[136:499:126:493:114:500]
573,380,480,414,500,573,32,0,28.6004,77.9324,1.65072,91.8386,0.923968,13.5052,84.8559,21.0231,34.7031,1.65072,118.59,67.8028,131.026,32.4733,25.4509,22.7849,[382:488:381:500:412:500:414:495:413:489:400:481:389:481]
935,276,437,314,472,935,0,0,58.6422,98.6791,1.2972,117.868,0.919631,17.2517,108.395,30.294,39.2975,1.2972,132.6,72.231,135.294,30.677,21.8643,20.7782,[279:443:277:451:289:470:301:472:314:468:312:452:301:440:294:438:292:443]
802,402,0,435,33,802,2,0,61.7673,66.5329,1.03786,102.929,0.975332,15.9776,100.39,31.367,32.5545,1.03786,124.648,71.9065,134.839,36.7164,28.3705,26.1629,[419:1:404:10:403:16:405:24:412:31:423:33:433:26:435:13:425:2]
589,466,128,494,153,589,0,0,39.9605,55.7713,1.18138,87.9511,0.978186,13.6925,86.0325,25.1952,29.7651,1.18138,141.063,86.163,147.739,31.3564,28.1183,22.289,[469:133:467:146:472:152:488:153:494:150:494:137:491:133:477:129]
422,172,131,193,159,422,0,0,22.406,51.2183,1.51193,77.3597,0.941339,11.5899,72.8218,18.8515,28.5021,1.51193,129.609,78.718,139.841,30.3364,24.904,21.8261,[180:132:173:139:176:151:183:159:191:158:191:138]
1029,209,28,245,65,1029,0,0,81.9782,82.3327,1.00216,115.092,0.988028,18.0981,113.714,36.1572,36.2353,1.00216,117.276,70.55,133.33,32.2086,27.1914,25.2771,[228:29:210:39:210:52:217:62:234:65:240:61:245:44:238:33]
259,260,17,274,41,259,0,0,11.6521,38.7664,1.82401,61.5007,0.92763,9.07977,57.0499,13.446,24.5255,1.82401,113.259,67.2201,128.154,34.8746,29.4003,24.2786,[270:18:264:18:261:22:262:41:267:39:273:30:274:22]
1781,345,399,389,452,1781,0,0,111.936,185.207,1.2863,156.156,0.958031,23.8099,149.602,41.987,54.0081,1.2863,145.011,95.0455,153.425,39.3521,35.3306,29.5334,[358:400:348:408:347:429:361:451:379:452:389:427:388:414:379:403]
899,212,420,241,460,899,0,0,46.1788,112.248,1.55908,112.505,0.944739,16.9163,106.288,27.0957,42.2444,1.55908,137.844,88.9766,146.31,36.5988,29.0018,26.368,[216:423:213:427:214:442:223:459:238:458:241:441:235:425:228:421]
733,22,347,56,377,733,0,0,40.8223,84.4561,1.43836,98.5818,0.973554,15.2749,95.9747,25.4726,36.6387,1.43836,128.45,78.7585,141.712,32.7588,27.2074,24.4872,[24:353:23:363:38:377:47:377:56:370:53:359:46:351:30:348]
708,394,352,429,379,708,0,0,37.0503,87.0155,1.53251,99.7878,0.945244,15.0121,94.3239,24.2533,37.1683,1.53251,102.157,57.7853,122.093,33.8635,26.9874,23.3675,[429:357:420:353:411:354:395:363:395:372:398:376:409:379:423:375:428:368]
2338,347,305,404,358,2338,0,0,174.969,200.324,1.07001,175.251,0.97806,27.2802,171.406,52.7454,56.4378,1.07001,162.763,105.915,162.792,34.0687,33.2077,26.5089,[373:306:352:316:348:337:361:357:381:358:395:353:404:341:396:316:384:307]
803,386,262,419,294,803,0,0,58.7634,70.2057,1.09303,102.144,0.983444,15.9876,100.453,30.5841,33.4295,1.09303,117.847,73.9415,134.354,34.5208,29.1049,26.3528,[395:264:387:275:391:290:399:294:413:292:419:285:417:273:408:265]
592,322,74,351,101,592,0,0,42.144,54.1868,1.13391,89.5218,0.963467,13.7273,86.2513,25.7826,29.2352,1.13391,101.997,60.9493,124.889,31.9635,30.0498,27.8553,[329:75:323:85:325:96:332:101:348:98:351:92:346:81:338:75]
758,249,86,286,114,758,0,0,45.6367,80.3629,1.327,100.478,0.971334,15.5332,97.5977,26.9683,35.787,1.327,107.554,62.9354,125.785,35.4419,25.6149,23.7625,[250:101:257:111:266:114:277:112:286:104:286:99:281:93:270:87:259:88]
1642,128,98,172,144,1642,0,0,124.812,136.931,1.04743,142.883,1.00534,22.8619,143.645,44.6766,46.7954,1.04743,147.503,102.851,158.988,40.2308,37.3347,28.7895,[139:101:129:116:129:129:132:135:145:144:162:142:169:135:172:125:170:110:159:100]
1058,37,166,78,203,1058,0,0,50.588,145.014,1.69309,124.017,0.929752,18.3513,115.305,28.2071,47.7571,1.69309,139.443,89.9093,150.078,41.419,32.2166,28.0514,[39:169:38:185:45:197:62:203:78:199:78:191:68:179:53:169]
957,137,228,174,266,957,0,0,44.8428,130.328,1.7048,117.218,0.935552,17.4534,109.663,26.7347,45.5772,1.7048,139.015,86.1212,148.004,37.1621,29.7389,26.481,[141:229:138:236:146:256:160:266:172:263:173:248:165:237:156:231]
616,245,273,274,301,616,0,0,47.0551,51.3681,1.04482,89.1965,0.986387,14.0028,87.9823,27.3983,28.6264,1.04482,105.07,66.0698,127.372,35.8612,32.4056,29.44,[254:275:249:279:246:291:253:299:264:301:272:293:274:283:266:275]
